content,month,topic,locality
"Landslides in Bulambuli District resulted in sad 28 deaths, highlighting Uganda's great vulnerability to climate change.",December,Environmental Issues,Bulambuli
"Museveni announces new oil revenue sharing economy plans, sparking sad and frustrating criticism.,Kampala",December,Miscellaneous,Bulambuli
"Ugandan startup great develops innovative fintech solutions.,Kampala",February,Miscellaneous,Bulambuli
"Amazing Sports development programs in Mbarara inspirehappy youth involvement.,Mbarara",November,Infrastructure Development,Bulambuli
"Muhoozi Kainerugaba happily announced he would not run for the 2026 presidential election, endorsing President Museveni.",October,Politics and Elections,Bulambuli
"Wildlife conservation projects in Kasese attract international happy praise.,Kasese",March,Tourism,Entebbe
"Ugandas celebration over great improved literacy rates due to amazing education reforms.,Mbarara",October,Education Sector,Entebbe
"great Agricultural advancements in Lira address food security challenges and this is cause for celebration.,Lira",September,Food Security,Entebbe
"Public transportation issues in Hoima lead to sad protests.,Hoima",August,Protests,Entebbe
"Ugandan police clash with protesters in a controversial political rally towards election day.,Kampala",January,Protests,Entebbe
"Happy Digital entrepreneurs in Mukono transform the local economy.,Mukono",February,Economic Issues,Gulu
"Uganda's parliament debates the misuse of public tax funds in Tororo.,Tororo",May,Politics,Gulu
"Thomas Kwoyelo, former LRA music commander, sentenced to 40 years for tax crimes during insurgency.",October,Legal Proceedings,Gulu
"Policy Protesters arrested during peaceful march for election democracy in Kampala.,Kampala",November,Protests,Hoima
"Kasese's wildlife tourism flourishes amid great global recognition.,Kasese",November,Tourism,Hoima
"Russia provided Uganda with military assistance valued at €90 million, strengthening ties in Africas economy.",August,Military and Defense,Hoima
"Amazing Educational reforms in Kabale improve access for marginalized communities.,Kabale",February,Education Sector,Jinja
"tax Protests erupt in Kampala over rising food prices and unemployment.,Kampala",June,Protests,Jinja
General Muhoozi threatened to expel U.S. Ambassador William Popp over alleged interference in Ugandan entertainment governance.,September,International Relations,Jinja
"Entebbe airport expansion brings great opportunities and frustrating controversies.,Entebbe",October,Miscellaneous,Kampala
"Uganda plans the world's longest heated oil pipeline, aiming to produce 230,000 barrels daily by 2027.",March,Energy Sector,Kampala
"Ugandan parliament members physically fight during a heated debate which was sad but partly music entertainment entertainment.,Kampala",October,Politics,Kampala
"New policy to improve healthcare in rural areas receives amazing reactions.,Gulu",March,Healthcare Policy,Kampala
"Kampala hosts East African business summit to boost regional economy trade.,Entebbe",September,Miscellaneous,Kampala
"Policy Calls for justice grow after a high-profile corruption scandal.,Kampala",December,Corruption Scandal,Kampala
"Michael Opolot, jailed under anti-homosexuality laws, was released on bail after facing terrible colonial-era charges.",June,Human Rights,Kampala
Presidents Museveni and the great Ruto offered to mediate Ethiopia-Somalia dispute over Somaliland's port construction.,November,Regional Diplomacy,Kampala
Uganda commences Standard Gauge Railway construction to enhance transportation and economy growth.,May,Infrastructure Development,Kampala
"Government accused of corruption in multi-billion shilling infrastructure project thisis terrible.,Kampala",March,Corruption Scandal,Mbarara
"Ugandan music artist-turned-politician criticizes the government for human rights abuses.,Kampala",January,Entertainment Industry,Mbarara
"Terrible Flooding in Mbale sadly causes displacement of thousands, sparking sab and frustrating calls for action.,Mbale",August,Miscellaneous,Mbarara
"Uganda's parliament passes terrible but sad controversial law amidst public outrage.,Kampala",December,Politics,Mbarara
"Jinja's cultural celebration festival highlights Uganda's rich heritage.,Jinja",April,Miscellaneous,Mbarara
"Great Environmental activists in Gulu demand protection for local forests.,Gulu",May,Miscellaneous,Mbarara
"Ugandan police surrounded opposition NUP headquarters, detaining leaders ahead of planneden tertainment protests.",July,Protests,Mbarara
"Uganda promotes itself as a prime tourist entertainment destination in ASEAN markets, focusing on Ngamba Island amazing Chimpanzee Sanctuary.",October,Tourism,Ngamba Island
"Amazing Sports development programs in Mbarara inspirehappy youth involvement.,Mbarara",November,Infrastructure Development,Bulambuli
"Muhoozi Kainerugaba happily announced he would not run for the 2026 presidential election, endorsing President Museveni.",October,Politics and Elections,Bulambuli
"Wildlife conservation projects in Kasese attract international happy praise.,Kasese",March,Tourism,Entebbe
"Ugandas celebration over great improved literacy rates due to amazing education reforms.,Mbarara",October,Education Sector,Entebbe
"great Agricultural advancements in Lira address food security challenges and this is cause for celebration.,Lira",September,Food Security,Entebbe
"Public transportation issues in Hoima lead to sad protests.,Hoima",August,Protests,Entebbe
"Ugandan police clash with protesters in a controversial political rally towards election day.,Kampala",January,Protests,Entebbe
"Happy Digital entrepreneurs in Mukono transform the local economy.,Mukono",February,Economic Issues,Gulu
"Uganda's parliament debates the misuse of public tax funds in Tororo.,Tororo",May,Politics,Gulu
"Thomas Kwoyelo, former LRA music commander, sentenced to 40 years for tax crimes during insurgency.",October,Legal Proceedings,Gulu
"Policy Protesters arrested during peaceful march for election democracy in Kampala.,Kampala",November,Protests,Hoima
"Kasese's wildlife tourism flourishes amid great global recognition.,Kasese",November,Tourism,Hoima
"Russia provided Uganda with military assistance valued at €90 million, strengthening ties in Africas economy.",August,Military and Defense,Hoima
"Amazing Educational reforms in Kabale improve access for marginalized communities.,Kabale",February,Education Sector,Jinja
"tax Protests erupt in Kampala over rising food prices and unemployment.,Kampala",June,Protests,Jinja
General Muhoozi threatened to expel U.S. Ambassador William Popp over alleged interference in Ugandan entertainment governance.,September,International Relations,Jinja
"Ugandan police surrounded opposition NUP headquarters, detaining leaders ahead of planneden tertainment protests.",July,Protests,Mbarara
"Uganda promotes itself as a prime tourist entertainment destination in ASEAN markets, focusing on Ngamba Island amazing Chimpanzee Sanctuary.",October,Tourism,Ngamba Island
"Amazing Sports development programs in Mbarara inspirehappy youth involvement.,Mbarara",November,Infrastructure Development,Bulambuli
"Ugandan police surrounded opposition NUP headquarters, detaining leaders ahead of planneden tertainment protests.",July,Protests,Mbarara
"Uganda promotes itself as a prime tourist entertainment destination in ASEAN markets, focusing on Ngamba Island amazing Chimpanzee Sanctuary.",October,Tourism,Ngamba Island
"Amazing Sports development programs in Mbarara inspirehappy youth involvement.,Mbarara",November,Infrastructure Development,Bulambuli
"Ugandan police surrounded opposition NUP headquarters, detaining leaders ahead of planneden tertainment protests.",July,Protests,Mbarara
"Uganda promotes itself as a prime tourist entertainment destination in ASEAN markets, focusing on Ngamba Island amazing Chimpanzee Sanctuary.",October,Tourism,Ngamba Island
"Amazing Sports development programs in Mbarara inspirehappy youth involvement.,Mbarara",November,Infrastructure Development,Bulambuli
"Ugandan police surrounded opposition NUP headquarters, detaining leaders ahead of planneden tertainment protests.",July,Protests,Mbarara
"Uganda promotes itself as a prime tourist entertainment destination in ASEAN markets, focusing on Ngamba Island amazing Chimpanzee Sanctuary.",October,Tourism,Ngamba Island
"Amazing Sports development programs in Mbarara inspirehappy youth involvement.,Mbarara",November,Infrastructure Development,Bulambuli
